STT,Khóa,MSSV,Họ và tên,Nhóm,
1,K68,20232447,Lê Huy Đức Anh,Sạc pin,Trưởng nhóm
2,K69,202413026,Ngô Bình Nam,,
3,K69,202412801,Phạm Khắc Tiến,,
,,,,,
4,K68,20232016,Trần Minh Đức,BESS,Trưởng nhóm
5,K69,202400011,Nguyễn Văn Hiếu,,
6,K69,202412755,Bùi Xuân Sơn,,
7,K68,20241839E,Nguyễn Văn Phương,,
,,,,,
8,K68,20232066,Hoàng Nguyên Hiệp,WPT động,Trưởng nhóm
9,K68,20231944,Nguyễn Hoàng Minh Châu,,
10,K69,202412624,Nguyễn Gia Luân,,
11,K68,20232237,Nguyễn Nguyên Phong,WPT tĩnh,
12,K68,20232276,Nguyễn Trọng Quyết,,Trưởng Lab
13,K68,20232040,Đoàn Tăng Duy,,
14,K68,20232156,Tạ Trung Kiên,,
,,,,,
15,K68,20232242,Ngô Đăng Phú,Plasma,
16,K69,202412833,Phạm Đức Hoàng Tuấn,,
17,K69,202412506,Lê Xuân Hiển,,
18,K69,202412640,Phạm Công Minh,,
19,K68,20212837,Nguyễn Đức Quang Huy,,
,,,,,
20,K68,20231936,Vũ Thế Bảo,BMS,Trưởng nhóm
21,K68,20232254,Trần Hồng Quân,,
22,K69,202412804,Nguyễn Trung Tín,,
,,,,,
,,,,,
,,,,,
,,,,,
,,,,,
,,,,,
,,,,,
,,,,,
,,,,,
32,,,,,
33,,,,,
34,,,,,
35,,,,,
36,,,,,
37,,,,,
38,,,,,
39,,,,,
40,,,,,
41,,,,,
42,,,,,
43,,,,,
44,,,,,
45,,,,,
46,,,,,
47,,,,,
48,,,,,
49,,,,,
50,,,,,
51,,,,,
52,,,,,
53,,,,,
54,,,,,
55,,,,,
56,,,,,
57,,,,,
58,,,,,
59,,,,,
60,,,,,